user_id,metric_date,total_steps,step_goal,total_distance_meters,total_calories,active_calories,bmr_calories,resting_heart_rate,max_heart_rate,min_heart_rate,average_heart_rate,avg_stress_level,max_stress_level,body_battery_high,body_battery_low,sleep_duration_hours,deep_sleep_hours,light_sleep_hours,rem_sleep_hours,awake_hours,deep_sleep_percentage,light_sleep_percentage,rem_sleep_percentage,awake_percentage,average_spo2,average_respiration,training_readiness_score,training_readiness_level,training_readiness_feedback,hrv_weekly_avg,hrv_last_night_avg,hrv_status,avg_waking_respiration_value,avg_sleep_respiration_value,lowest_respiration_value,highest_respiration_value,created_at,updated_at
1,2025-03-13,,,,,,,,,,0,,,,,,,,,,,,,,,,,,,,,,,,,,"2026-03-13 02:52:37.024122","2026-03-13 02:52:37.024125"
1,2025-03-14,,,,,,,,,,0,,,,,,,,,,,,,,,,,,,,,,,,,,"2026-03-13 02:52:37.618338","2026-03-13 02:52:37.618341"
1,2025-03-15,,,,,,,,,,0,,,,,,,,,,,,,,,,,,,,,,,,,,"2026-03-13 02:52:38.197056","2026-03-13 02:52:38.197059"
1,2025-03-16,,,,,,,,,,0,,,,,,,,,,,,,,,,,,,,,,,,,,"2026-03-13 02:52:38.777373","2026-03-13 02:52:38.777378"
1,2025-03-17,,,,,,,,,,0,,,,,,,,,,,,,,,,,,,,,,,,,,"2026-03-13 02:52:39.385853","2026-03-13 02:52:39.385859"
1,2025-03-18,,,,,,,,,,0,,,,,,,,,,,,,,,,,,,,,,,,,,"2026-03-13 02:52:39.966814","2026-03-13 02:52:39.966817"
1,2025-03-19,,,,,,,,,,0,,,,,,,,,,,,,,,,,,,,,,,,,,"2026-03-13 02:52:40.569411","2026-03-13 02:52:40.569416"
1,2025-03-20,,,,,,,,,,0,,,,,,,,,,,,,,,,,,,,,,,,,,"2026-03-13 02:52:41.128214","2026-03-13 02:52:41.128220"
1,2025-03-21,,,,,,,,,,0,,,,,,,,,,,,,,,,,,,,,,,,,,"2026-03-13 02:52:41.740250","2026-03-13 02:52:41.740255"
1,2025-03-22,,,,,,,,,,0,,,,,,,,,,,,,,,,,,,,,,,,,,"2026-03-13 02:52:42.569803","2026-03-13 02:52:42.569808"
1,2025-03-23,,,,,,,,,,0,,,,,,,,,,,,,,,,,,,,,,,,,,"2026-03-13 02:52:43.495708","2026-03-13 02:52:43.495713"
1,2025-03-24,,,,,,,,,,0,,,,,,,,,,,,,,,,,,,,,,,,,,"2026-03-13 02:52:44.117078","2026-03-13 02:52:44.117082"
1,2025-03-25,,,,,,,,,,0,,,,,,,,,,,,,,,,,,,,,,,,,,"2026-03-13 02:52:44.704786","2026-03-13 02:52:44.704792"
1,2025-03-26,,,,,,,,,,0,,,,,,,,,,,,,,,,,,,,,,,,,,"2026-03-13 02:52:45.262006","2026-03-13 02:52:45.262011"
1,2025-03-27,,,,,,,,,,0,,,,,,,,,,,,,,,,,,,,,,,,,,"2026-03-13 02:52:45.847183","2026-03-13 02:52:45.847189"
1,2025-03-28,,,,,,,,,,0,,,,,,,,,,,,,,,,,,,,,,,,,,"2026-03-13 02:52:46.714829","2026-03-13 02:52:46.714832"
1,2025-03-29,,,,,,,,,,0,,,,,,,,,,,,,,,,,,,,,,,,,,"2026-03-13 02:52:47.469418","2026-03-13 02:52:47.469421"
1,2025-03-30,,,,,,,,,,0,,,,,,,,,,,,,,,,,,,,,,,,,,"2026-03-13 02:52:48.037755","2026-03-13 02:52:48.037760"
1,2025-03-31,,,,,,,,,,0,,,,,,,,,,,,,,,,,,,,,,,,,,"2026-03-13 02:52:48.628185","2026-03-13 02:52:48.628187"
1,2025-04-01,,,,,,,,,,0,,,,,,,,,,,,,,,,,,,,,,,,,,"2026-03-13 02:52:49.163103","2026-03-13 02:52:49.163107"
1,2025-04-02,,,,,,,,,,0,,,,,,,,,,,,,,,,,,,,,,,,,,"2026-03-13 02:52:49.721854","2026-03-13 02:52:49.721860"
1,2025-04-03,,,,,,,,,,0,,,,,,,,,,,,,,,,,,,,,,,,,,"2026-03-13 02:52:50.353645","2026-03-13 02:52:50.353652"
1,2025-04-04,,,,,,,,,,0,,,,,,,,,,,,,,,,,,,,,,,,,,"2026-03-13 02:52:51.065984","2026-03-13 02:52:51.065989"
1,2025-04-05,,,,,,,,,,0,,,,,,,,,,,,,,,,,,,,,,,,,,"2026-03-13 02:52:51.669261","2026-03-13 02:52:51.669265"
1,2025-04-06,,,,,,,,,,0,,,,,,,,,,,,,,,,,,,,,,,,,,"2026-03-13 02:52:52.279519","2026-03-13 02:52:52.279525"
1,2025-04-07,,,,,,,,,,0,,,,,,,,,,,,,,,,,,,,,,,,,,"2026-03-13 02:52:52.908678","2026-03-13 02:52:52.908683"
1,2025-04-08,,,,,,,,,,0,,,,,,,,,,,,,,,,,,,,,,,,,,"2026-03-13 02:52:53.525925","2026-03-13 02:52:53.525928"
1,2025-04-09,,,,,,,,,,0,,,,,,,,,,,,,,,,,,,,,,,,,,"2026-03-13 02:52:54.120982","2026-03-13 02:52:54.120985"
1,2025-04-10,,,,,,,,,,0,,,,,,,,,,,,,,,,,,,,,,,,,,"2026-03-13 02:52:54.750272","2026-03-13 02:52:54.750276"
1,2025-04-11,,,,,,,,,,0,,,,,,,,,,,,,,,,,,,,,,,,,,"2026-03-13 02:52:55.297898","2026-03-13 02:52:55.297901"
1,2025-04-12,,,,,,,,,,0,,,,,,,,,,,,,,,,,,,,,,,,,,"2026-03-13 02:52:56.169261","2026-03-13 02:52:56.169266"
1,2025-04-13,,,,,,,,,,0,,,,,,,,,,,,,,,,,,,,,,,,,,"2026-03-13 02:52:57.037710","2026-03-13 02:52:57.037715"
1,2025-04-14,,,,,,,,,,0,,,,,,,,,,,,,,,,,,,,,,,,,,"2026-03-13 02:52:57.610654","2026-03-13 02:52:57.610657"
1,2025-04-15,,,,,,,,,,0,,,,,,,,,,,,,,,,,,,,,,,,,,"2026-03-13 02:52:58.178878","2026-03-13 02:52:58.178880"
1,2025-04-16,,,,,,,,,,0,,,,,,,,,,,,,,,,,,,,,,,,,,"2026-03-13 02:52:58.715296","2026-03-13 02:52:58.715298"
1,2025-04-17,,,,,,,,,,0,,,,,,,,,,,,,,,,,,,,,,,,,,"2026-03-13 02:52:59.278970","2026-03-13 02:52:59.278973"
1,2025-04-18,,,,,,,,,,0,,,,,,,,,,,,,,,,,,,,,,,,,,"2026-03-13 02:52:59.829780","2026-03-13 02:52:59.829783"
1,2025-04-19,,,,,,,,,,0,,,,,,,,,,,,,,,,,,,,,,,,,,"2026-03-13 02:53:00.388558","2026-03-13 02:53:00.388561"
1,2025-04-20,,,,,,,,,,0,,,,,,,,,,,,,,,,,,,,,,,,,,"2026-03-13 02:53:00.934269","2026-03-13 02:53:00.934272"
1,2025-04-21,,,,,,,,,,0,,,,,,,,,,,,,,,,,,,,,,,,,,"2026-03-13 02:53:01.526060","2026-03-13 02:53:01.526061"
1,2025-04-22,,,,,,,,,,0,,,,,,,,,,,,,,,,,,,,,,,,,,"2026-03-13 02:53:02.134464","2026-03-13 02:53:02.134468"
1,2025-04-23,,,,,,,,,,0,,,,,,,,,,,,,,,,,,,,,,,,,,"2026-03-13 02:53:02.741990","2026-03-13 02:53:02.741996"
1,2025-04-24,,,,,,,,,,0,,,,,,,,,,,,,,,,,,,,,,,,,,"2026-03-13 02:53:03.323697","2026-03-13 02:53:03.323699"
1,2025-04-25,,,,,,,,,,0,,,,,,,,,,,,,,,,,,,,,,,,,,"2026-03-13 02:53:03.911474","2026-03-13 02:53:03.911482"
1,2025-04-26,,,,,,,,,,0,,,,,,,,,,,,,,,,,,,,,,,,,,"2026-03-13 02:53:04.481792","2026-03-13 02:53:04.481795"
1,2025-04-27,,,,,,,,,,0,,,,,,,,,,,,,,,,,,,,,,,,,,"2026-03-13 02:53:05.024217","2026-03-13 02:53:05.024220"
1,2025-04-28,,,,,,,,,,0,,,,,,,,,,,,,,,,,,,,,,,,,,"2026-03-13 02:53:05.586000","2026-03-13 02:53:05.586006"
1,2025-04-29,,,,,,,,,,0,,,,,,,,,,,,,,,,,,,,,,,,,,"2026-03-13 02:53:06.167519","2026-03-13 02:53:06.167524"
1,2025-04-30,,,,,,,,,,0,,,,,,,,,,,,,,,,,,,,,,,,,,"2026-03-13 02:53:06.735173","2026-03-13 02:53:06.735175"
1,2025-05-01,,,,,,,,,,0,,,,,,,,,,,,,,,,,,,,,,,,,,"2026-03-13 02:53:07.303948","2026-03-13 02:53:07.303953"
1,2025-05-02,,,,,,,,,,0,,,,,,,,,,,,,,,,,,,,,,,,,,"2026-03-13 02:53:07.885279","2026-03-13 02:53:07.885284"
1,2025-05-03,,,,,,,,,,0,,,,,,,,,,,,,,,,,,,,,,,,,,"2026-03-13 02:53:08.488486","2026-03-13 02:53:08.488492"
1,2025-05-04,,,,,,,,,,0,,,,,,,,,,,,,,,,,,,,,,,,,,"2026-03-13 02:53:09.062626","2026-03-13 02:53:09.062628"
1,2025-05-05,,,,,,,,,,0,,,,,,,,,,,,,,,,,,,,,,,,,,"2026-03-13 02:53:09.619836","2026-03-13 02:53:09.619838"
1,2025-05-06,,,,,,,,,,0,,,,,,,,,,,,,,,,,,,,,,,,,,"2026-03-13 02:53:10.225454","2026-03-13 02:53:10.225459"
1,2025-05-07,,,,,,,,,,0,,,,,,,,,,,,,,,,,,,,,,,,,,"2026-03-13 02:53:10.795304","2026-03-13 02:53:10.795306"
1,2025-05-08,,,,,,,,,,0,,,,,,,,,,,,,,,,,,,,,,,,,,"2026-03-13 02:53:11.376598","2026-03-13 02:53:11.376604"
1,2025-05-09,,,,,,,,,,0,,,,,,,,,,,,,,,,,,,,,,,,,,"2026-03-13 02:53:11.957113","2026-03-13 02:53:11.957118"
1,2025-05-10,,,,,,,,,,0,,,,,,,,,,,,,,,,,,,,,,,,,,"2026-03-13 02:53:12.536333","2026-03-13 02:53:12.536342"
1,2025-05-11,,,,,,,,,,0,,,,,,,,,,,,,,,,,,,,,,,,,,"2026-03-13 02:53:13.148810","2026-03-13 02:53:13.148815"
1,2025-05-12,,,,,,,,,,0,,,,,,,,,,,,,,,,,,,,,,,,,,"2026-03-13 02:53:13.740667","2026-03-13 02:53:13.740670"
1,2025-05-13,,,,,,,,,,0,,,,,,,,,,,,,,,,,,,,,,,,,,"2026-03-13 02:53:14.344140","2026-03-13 02:53:14.344146"
1,2025-05-14,,,,,,,,,,0,,,,,,,,,,,,,,,,,,,,,,,,,,"2026-03-13 02:53:15.089683","2026-03-13 02:53:15.089688"
1,2025-05-15,,,,,,,,,,0,,,,,,,,,,,,,,,,,,,,,,,,,,"2026-03-13 02:53:15.747261","2026-03-13 02:53:15.747276"
1,2025-05-16,,,,,,,,,,0,,,,,,,,,,,,,,,,,,,,,,,,,,"2026-03-13 02:53:16.316495","2026-03-13 02:53:16.316500"
1,2025-05-17,,,,,,,,,,0,,,,,,,,,,,,,,,,,,,,,,,,,,"2026-03-13 02:53:16.870712","2026-03-13 02:53:16.870718"
1,2025-05-18,,,,,,,,,,0,,,,,,,,,,,,,,,,,,,,,,,,,,"2026-03-13 02:53:17.458497","2026-03-13 02:53:17.458503"
1,2025-05-19,,,,,,,,,,0,,,,,,,,,,,,,,,,,,,,,,,,,,"2026-03-13 02:53:18.070220","2026-03-13 02:53:18.070225"
1,2025-05-20,,,,,,,,,,0,,,,,,,,,,,,,,,,,,,,,,,,,,"2026-03-13 02:53:18.685912","2026-03-13 02:53:18.685914"
1,2025-05-21,,,,,,,,,,0,,,,,,,,,,,,,,,,,,,,,,,,,,"2026-03-13 02:53:19.234943","2026-03-13 02:53:19.234948"
1,2025-05-22,,,,,,,,,,0,,,,,,,,,,,,,,,,,,,,,,,,,,"2026-03-13 02:53:19.827978","2026-03-13 02:53:19.827983"
1,2025-05-23,,,,,,,,,,0,,,,,,,,,,,,,,,,,,,,,,,,,,"2026-03-13 02:53:20.788641","2026-03-13 02:53:20.788647"
1,2025-05-24,,,,,,,,,,0,,,,,,,,,,,,,,,,,,,,,,,,,,"2026-03-13 02:53:21.371360","2026-03-13 02:53:21.371365"
1,2025-05-25,,,,,,,,,,0,,,,,,,,,,,,,,,,,,,,,,,,,,"2026-03-13 02:53:22.238911","2026-03-13 02:53:22.238916"
1,2025-05-26,,,,,,,,,,0,,,,,,,,,,,,,,,,,,,,,,,,,,"2026-03-13 02:53:22.804802","2026-03-13 02:53:22.804803"
1,2025-05-27,,,,,,,,,,0,,,,,,,,,,,,,,,,,,,,,,,,,,"2026-03-13 02:53:23.377696","2026-03-13 02:53:23.377702"
1,2025-05-28,,,,,,,,,,0,,,,,,,,,,,,,,,,,,,,,,,,,,"2026-03-13 02:53:24.007190","2026-03-13 02:53:24.007196"
1,2025-05-29,,,,,,,,,,0,,,,,,,,,,,,,,,,,,,,,,,,,,"2026-03-13 02:53:24.578091","2026-03-13 02:53:24.578097"
1,2025-05-30,,,,,,,,,,0,,,,,,,,,,,,,,,,,,,,,,,,,,"2026-03-13 02:53:25.161144","2026-03-13 02:53:25.161148"
1,2025-05-31,,,,,,,,,,0,,,,,,,,,,,,,,,,,,,,,,,,,,"2026-03-13 02:53:25.702641","2026-03-13 02:53:25.702643"
1,2025-06-01,,,,,,,,,,0,,,,,,,,,,,,,,,,,,,,,,,,,,"2026-03-13 02:53:26.288888","2026-03-13 02:53:26.288894"
1,2025-06-02,,,,,,,,,,0,,,,,,,,,,,,,,,,,,,,,,,,,,"2026-03-13 02:53:26.881338","2026-03-13 02:53:26.881348"
1,2025-06-03,,,,,,,,,,0,,,,,,,,,,,,,,,,,,,,,,,,,,"2026-03-13 02:53:27.500521","2026-03-13 02:53:27.500526"
1,2025-06-04,,,,,,,,,,0,,,,,,,,,,,,,,,,,,,,,,,,,,"2026-03-13 02:53:28.071111","2026-03-13 02:53:28.071115"
1,2025-06-05,,,,,,,,,,0,,,,,,,,,,,,,,,,,,,,,,,,,,"2026-03-13 02:53:28.639688","2026-03-13 02:53:28.639691"
1,2025-06-06,,,,,,,,,,0,,,,,,,,,,,,,,,,,,,,,,,,,,"2026-03-13 02:53:29.249763","2026-03-13 02:53:29.249768"
1,2025-06-07,,,,,,,,,,0,,,,,,,,,,,,,,,,,,,,,,,,,,"2026-03-13 02:53:29.815374","2026-03-13 02:53:29.815380"
1,2025-06-08,,,,,,,,,,0,,,,,,,,,,,,,,,,,,,,,,,,,,"2026-03-13 02:53:30.395243","2026-03-13 02:53:30.395248"
1,2025-06-09,,,,,,,,,,0,,,,,,,,,,,,,,,,,,,,,,,,,,"2026-03-13 02:53:30.991018","2026-03-13 02:53:30.991024"
1,2025-06-10,,,,,,,,,,0,,,,,,,,,,,,,,,,,,,,,,,,,,"2026-03-13 02:53:31.604873","2026-03-13 02:53:31.604874"
1,2025-06-11,,,,,,,,,,0,,,,,,,,,,,,,,,,,,,,,,,,,,"2026-03-13 02:53:32.228799","2026-03-13 02:53:32.228805"
1,2025-06-12,,,,,,,,,,0,,,,,,,,,,,,,,,,,,,,,,,,,,"2026-03-13 02:53:32.827290","2026-03-13 02:53:32.827296"
1,2025-06-13,,,,,,,,,,0,,,,,,,,,,,,,,,,,,,,,,,,,,"2026-03-13 02:53:33.432370","2026-03-13 02:53:33.432375"
1,2025-06-14,,,,,,,,,,0,,,,,,,,,,,,,,,,,,,,,,,,,,"2026-03-13 02:53:33.998736","2026-03-13 02:53:33.998741"
1,2025-06-15,,,,,,,,,,0,,,,,,,,,,,,,,,,,,,,,,,,,,"2026-03-13 02:53:34.584761","2026-03-13 02:53:34.584764"
1,2025-06-16,,,,,,,,,,0,,,,,,,,,,,,,,,,,,,,,,,,,,"2026-03-13 02:53:35.141275","2026-03-13 02:53:35.141311"
1,2025-06-17,,,,,,,,,,0,,,,,,,,,,,,,,,,,,,,,,,,,,"2026-03-13 02:53:35.731451","2026-03-13 02:53:35.731456"
1,2025-06-18,,,,,,,,,,0,,,,,,,,,,,,,,,,,,,,,,,,,,"2026-03-13 02:53:36.299088","2026-03-13 02:53:36.299094"
1,2025-06-19,,,,,,,,,,0,,,,,,,,,,,,,,,,,,,,,,,,,,"2026-03-13 02:53:36.867226","2026-03-13 02:53:36.867229"
1,2025-06-20,,,,,,,,,,0,,,,,,,,,,,,,,,,,,,,,,,,,,"2026-03-13 02:53:37.468099","2026-03-13 02:53:37.468105"
1,2025-06-21,,,,,,,,,,0,,,,,,,,,,,,,,,,,,,,,,,,,,"2026-03-13 02:53:38.078503","2026-03-13 02:53:38.078506"
1,2025-06-22,,,,,,,,,,0,,,,,,,,,,,,,,,,,,,,,,,,,,"2026-03-13 02:53:38.634918","2026-03-13 02:53:38.634921"
1,2025-06-23,,,,,,,,,,0,,,,,,,,,,,,,,,,,,,,,,,,,,"2026-03-13 02:53:39.215197","2026-03-13 02:53:39.215202"
1,2025-06-24,,,,,,,,,,0,,,,,,,,,,,,,,,,,,,,,,,,,,"2026-03-13 02:53:39.782392","2026-03-13 02:53:39.782397"
1,2025-06-25,,,,,,,,,,0,,,,,,,,,,,,,,,,,,,,,,,,,,"2026-03-13 02:53:40.388791","2026-03-13 02:53:40.388796"
1,2025-06-26,,,,,,,,,,0,,,,,,,,,,,,,,,,,,,,,,,,,,"2026-03-13 02:53:40.952483","2026-03-13 02:53:40.952487"
1,2025-06-27,,,,,,,,,,0,,,,,,,,,,,,,,,,,,,,,,,,,,"2026-03-13 02:53:41.539092","2026-03-13 02:53:41.539095"
1,2025-06-28,,,,,,,,,,0,,,,,,,,,,,,,,,,,,,,,,,,,,"2026-03-13 02:53:42.106200","2026-03-13 02:53:42.106206"
1,2025-06-29,,,,,,,,,,0,,,,,,,,,,,,,,,,,,,,,,,,,,"2026-03-13 02:53:42.668370","2026-03-13 02:53:42.668373"
1,2025-06-30,,,,,,,,,,0,,,,,,,,,,,,,,,,,,,,,,,,,,"2026-03-13 02:53:43.224469","2026-03-13 02:53:43.224476"
1,2025-07-01,,,,,,,,,,0,,,,,,,,,,,,,,,,,,,,,,,,,,"2026-03-13 02:53:43.799874","2026-03-13 02:53:43.799878"
1,2025-07-02,,,,,,,,,,0,,,,,,,,,,,,,,,,,,,,,,,,,,"2026-03-13 02:53:44.376762","2026-03-13 02:53:44.376769"
1,2025-07-03,,,,,,,,,,0,,,,,,,,,,,,,,,,,,,,,,,,,,"2026-03-13 02:53:44.977319","2026-03-13 02:53:44.977324"
1,2025-07-04,,,,,,,,,,0,,,,,,,,,,,,,,,,,,,,,,,,,,"2026-03-13 02:53:45.547054","2026-03-13 02:53:45.547060"
1,2025-07-05,,,,,,,,,,0,,,,,,,,,,,,,,,,,,,,,,,,,,"2026-03-13 02:53:46.109219","2026-03-13 02:53:46.109222"
1,2025-07-06,,,,,,,,,,0,,,,,,,,,,,,,,,,,,,,,,,,,,"2026-03-13 02:53:46.824798","2026-03-13 02:53:46.824803"
1,2025-07-07,,,,,,,,,,0,,,,,,,,,,,,,,,,,,,,,,,,,,"2026-03-13 02:53:47.403178","2026-03-13 02:53:47.403183"
1,2025-07-08,,,,,,,,,,0,,,,,,,,,,,,,,,,,,,,,,,,,,"2026-03-13 02:53:47.973168","2026-03-13 02:53:47.973173"
1,2025-07-09,,,,,,,,,,0,,,,,,,,,,,,,,,,,,,,,,,,,,"2026-03-13 02:53:48.553969","2026-03-13 02:53:48.553976"
1,2025-07-10,,,,,,,,,,0,,,,,,,,,,,,,,,,,,,,,,,,,,"2026-03-13 02:53:49.157897","2026-03-13 02:53:49.157902"
1,2025-07-11,,,,,,,,,,0,,,,,,,,,,,,,,,,,,,,,,,,,,"2026-03-13 02:53:49.763084","2026-03-13 02:53:49.763088"
1,2025-07-12,,,,,,,,,,0,,,,,,,,,,,,,,,,,,,,,,,,,,"2026-03-13 02:53:50.398654","2026-03-13 02:53:50.398658"
1,2025-07-13,,,,,,,,,,0,,,,,,,,,,,,,,,,,,,,,,,,,,"2026-03-13 02:53:50.962164","2026-03-13 02:53:50.962171"
1,2025-07-14,,,,,,,,,,0,,,,,,,,,,,,,,,,,,,,,,,,,,"2026-03-13 02:53:51.528907","2026-03-13 02:53:51.528913"
1,2025-07-15,,,,,,,,,,0,,,,,,,,,,,,,,,,,,,,,,,,,,"2026-03-13 02:53:52.095237","2026-03-13 02:53:52.095239"
1,2025-07-16,,,,,,,,,,0,,,,,,,,,,,,,,,,,,,,,,,,,,"2026-03-13 02:53:52.759682","2026-03-13 02:53:52.759685"
1,2025-07-17,,,,,,,,,,0,,,,,,,,,,,,,,,,,,,,,,,,,,"2026-03-13 02:53:53.361564","2026-03-13 02:53:53.361570"
1,2025-07-18,,,,,,,,,,0,,,,,,,,,,,,,,,,,,,,,,,,,,"2026-03-13 02:53:53.953721","2026-03-13 02:53:53.953724"
1,2025-07-19,,,,,,,,,,0,,,,,,,,,,,,,,,,,,,,,,,,,,"2026-03-13 02:53:54.519113","2026-03-13 02:53:54.519117"
1,2025-07-20,,,,,,,,,,0,,,,,,,,,,,,,,,,,,,,,,,,,,"2026-03-13 02:53:55.097570","2026-03-13 02:53:55.097574"
1,2025-07-21,,,,,,,,,,0,,,,,,,,,,,,,,,,,,,,,,,,,,"2026-03-13 02:53:55.672769","2026-03-13 02:53:55.672775"
1,2025-07-22,,,,,,,,,,0,,,,,,,,,,,,,,,,,,,,,,,,,,"2026-03-13 02:53:56.258906","2026-03-13 02:53:56.258912"
1,2025-07-23,,,,,,,,,,0,,,,,,,,,,,,,,,,,,,,,,,,,,"2026-03-13 02:53:56.852897","2026-03-13 02:53:56.852902"
1,2025-07-24,,,,,,,,,,0,,,,,,,,,,,,,,,,,,,,,,,,,,"2026-03-13 02:53:57.432446","2026-03-13 02:53:57.432452"
1,2025-07-25,,,,,,,,,,0,,,,,,,,,,,,,,,,,,,,,,,,,,"2026-03-13 02:53:58.018645","2026-03-13 02:53:58.018651"
1,2025-07-26,,,,,,,,,,0,,,,,,,,,,,,,,,,,,,,,,,,,,"2026-03-13 02:53:58.589908","2026-03-13 02:53:58.589917"
1,2025-07-27,,,,,,,,,,0,,,,,,,,,,,,,,,,,,,,,,,,,,"2026-03-13 02:53:59.134195","2026-03-13 02:53:59.134201"
1,2025-07-28,,,,,,,,,,0,,,,,,,,,,,,,,,,,,,,,,,,,,"2026-03-13 02:53:59.742666","2026-03-13 02:53:59.742672"
1,2025-07-29,,,,,,,,,,0,,,,,,,,,,,,,,,,,,,,,,,,,,"2026-03-13 02:54:00.361186","2026-03-13 02:54:00.361191"
1,2025-07-30,,,,,,,,,,0,,,,,,,,,,,,,,,,,,,,,,,,,,"2026-03-13 02:54:00.970333","2026-03-13 02:54:00.970338"
1,2025-07-31,,,,,,,,,,0,,,,,,,,,,,,,,,,,,,,,,,,,,"2026-03-13 02:54:01.597272","2026-03-13 02:54:01.597277"
1,2025-08-01,,,,,,,,,,0,,,,,,,,,,,,,,,,,,,,,,,,,,"2026-03-13 02:54:02.277627","2026-03-13 02:54:02.277633"
1,2025-08-02,,,,,,,,,,0,,,,,,,,,,,,,,,,,,,,,,,,,,"2026-03-13 02:54:02.892563","2026-03-13 02:54:02.892566"
1,2025-08-03,,,,,,,,,,0,,,,,,,,,,,,,,,,,,,,,,,,,,"2026-03-13 02:54:03.614018","2026-03-13 02:54:03.614023"
1,2025-08-04,,,,,,,,,,0,,,,,,,,,,,,,,,,,,,,,,,,,,"2026-03-13 02:54:04.192127","2026-03-13 02:54:04.192133"
1,2025-08-05,,,,,,,,,,0,,,,,,,,,,,,,,,,,,,,,,,,,,"2026-03-13 02:54:05.076147","2026-03-13 02:54:05.076150"
1,2025-08-06,,,,,,,,,,0,,,,,,,,,,,,,,,,,,,,,,,,,,"2026-03-13 02:54:05.657484","2026-03-13 02:54:05.657485"
1,2025-08-07,,,,,,,,,,0,,,,,,,,,,,,,,,,,,,,,,,,,,"2026-03-13 02:54:06.252380","2026-03-13 02:54:06.252385"
1,2025-08-08,,,,,,,,,,0,,,,,,,,,,,,,,,,,,,,,,,,,,"2026-03-13 02:54:06.853946","2026-03-13 02:54:06.853950"
1,2025-08-09,,,,,,,,,,0,,,,,,,,,,,,,,,,,,,,,,,,,,"2026-03-13 02:54:07.443871","2026-03-13 02:54:07.443875"
1,2025-08-10,,,,,,,,,,0,,,,,,,,,,,,,,,,,,,,,,,,,,"2026-03-13 02:54:08.121758","2026-03-13 02:54:08.121764"
1,2025-08-11,,,,,,,,,,0,,,,,,,,,,,,,,,,,,,,,,,,,,"2026-03-13 02:54:08.836796","2026-03-13 02:54:08.836802"
1,2025-08-12,,,,,,,,,,0,,,,,,,,,,,,,,,,,,,,,,,,,,"2026-03-13 02:54:09.461760","2026-03-13 02:54:09.461766"
1,2025-08-13,,,,,,,,,,0,,,,,,,,,,,,,,,,,,,,,,,,,,"2026-03-13 02:54:10.040008","2026-03-13 02:54:10.040014"
1,2025-08-14,,,,,,,,,,0,,,,,,,,,,,,,,,,,,,,,,,,,,"2026-03-13 02:54:10.630933","2026-03-13 02:54:10.630936"
1,2025-08-15,,,,,,,,,,0,,,,,,,,,,,,,,,,,,,,,,,,,,"2026-03-13 02:54:11.218366","2026-03-13 02:54:11.218372"
1,2025-08-16,,,,,,,,,,0,,,,,,,,,,,,,,,,,,,,,,,,,,"2026-03-13 02:54:11.922925","2026-03-13 02:54:11.922934"
1,2025-08-17,,,,,,,,,,0,,,,,,,,,,,,,,,,,,,,,,,,,,"2026-03-13 02:54:12.586673","2026-03-13 02:54:12.586676"
1,2025-08-18,,,,,,,,,,0,,,,,,,,,,,,,,,,,,,,,,,,,,"2026-03-13 02:54:13.168296","2026-03-13 02:54:13.168301"
1,2025-08-19,,,,,,,,,,0,,,,,,,,,,,,,,,,,,,,,,,,,,"2026-03-13 02:54:13.760429","2026-03-13 02:54:13.760435"
1,2025-08-20,,,,,,,,,,0,,,,,,,,,,,,,,,,,,,,,,,,,,"2026-03-13 02:54:14.322461","2026-03-13 02:54:14.322466"
1,2025-08-21,,,,,,,,,,0,,,,,,,,,,,,,,,,,,,,,,,,,,"2026-03-13 02:54:14.904891","2026-03-13 02:54:14.904897"
1,2025-08-22,,,,,,,,,,0,,,,,,,,,,,,,,,,,,,,,,,,,,"2026-03-13 02:54:15.491085","2026-03-13 02:54:15.491091"
1,2025-08-23,,,,,,,,,,0,,,,,,,,,,,,,,,,,,,,,,,,,,"2026-03-13 02:54:16.090225","2026-03-13 02:54:16.090230"
1,2025-08-24,,,,,,,,,,0,,,,,,,,,,,,,,,,,,,,,,,,,,"2026-03-13 02:54:16.671744","2026-03-13 02:54:16.671746"
1,2025-08-25,,,,,,,,,,0,,,,,,,,,,,,,,,,,,,,,,,,,,"2026-03-13 02:54:17.280509","2026-03-13 02:54:17.280515"
1,2025-08-26,,,,,,,,,,0,,,,,,,,,,,,,,,,,,,,,,,,,,"2026-03-13 02:54:17.868696","2026-03-13 02:54:17.868701"
1,2025-08-27,,,,,,,,,,0,,,,,,,,,,,,,,,,,,,,,,,,,,"2026-03-13 02:54:18.572397","2026-03-13 02:54:18.572402"
1,2025-08-28,,,,,,,,,,0,,,,,,,,,,,,,,,,,,,,,,,,,,"2026-03-13 02:54:19.203791","2026-03-13 02:54:19.203794"
1,2025-08-29,,,,,,,,,,0,,,,,,,,,,,,,,,,,,,,,,,,,,"2026-03-13 02:54:19.795712","2026-03-13 02:54:19.795714"
1,2025-08-30,,,,,,,,,,0,,,,,,,,,,,,,,,,,,,,,,,,,,"2026-03-13 02:54:20.385978","2026-03-13 02:54:20.385984"
1,2025-08-31,,,,,,,,,,0,,,,,,,,,,,,,,,,,,,,,,,,,,"2026-03-13 02:54:21.011268","2026-03-13 02:54:21.011273"
1,2025-09-01,,,,,,,,,,0,,,,,,,,,,,,,,,,,,,,,,,,,,"2026-03-13 02:54:21.608861","2026-03-13 02:54:21.608876"
1,2025-09-02,,,,,,,,,,0,,,,,,,,,,,,,,,,,,,,,,,,,,"2026-03-13 02:54:22.552329","2026-03-13 02:54:22.552336"
1,2025-09-03,,,,,,,,,,0,,,,,,,,,,,,,,,,,,,,,,,,,,"2026-03-13 02:54:23.171569","2026-03-13 02:54:23.171574"
1,2025-09-04,,,,,,,,,,0,,,,,,,,,,,,,,,,,,,,,,,,,,"2026-03-13 02:54:23.861332","2026-03-13 02:54:23.861335"
1,2025-09-05,,,,,,,,,,0,,,,,,,,,,,,,,,,,,,,,,,,,,"2026-03-13 02:54:24.541619","2026-03-13 02:54:24.541625"
1,2025-09-06,,,,,,,,,,0,,,,,,,,,,,,,,,,,,,,,,,,,,"2026-03-13 02:54:25.156372","2026-03-13 02:54:25.156377"
1,2025-09-07,,,,,,,,,,0,,,,,,,,,,,,,,,,,,,,,,,,,,"2026-03-13 02:54:25.739476","2026-03-13 02:54:25.739482"
1,2025-09-08,,,,,,,,,,0,,,,,,,,,,,,,,,,,,,,,,,,,,"2026-03-13 02:54:26.312107","2026-03-13 02:54:26.312112"
1,2025-09-09,,,,,,,,,,0,,,,,,,,,,,,,,,,,,,,,,,,,,"2026-03-13 02:54:26.885060","2026-03-13 02:54:26.885066"
1,2025-09-10,,,,,,,,,,0,,,,,,,,,,,,,,,,,,,,,,,,,,"2026-03-13 02:54:27.506306","2026-03-13 02:54:27.506311"
1,2025-09-11,,,,,,,,,,0,,,,,,,,,,,,,,,,,,,,,,,,,,"2026-03-13 02:54:28.087876","2026-03-13 02:54:28.087880"
1,2025-09-12,,,,,,,,,,0,,,,,,,,,,,,,,,,,,,,,,,,,,"2026-03-13 02:54:28.719380","2026-03-13 02:54:28.719383"
1,2025-09-13,,,,,,,,,,0,,,,,,,,,,,,,,,,,,,,,,,,,,"2026-03-13 02:54:29.280332","2026-03-13 02:54:29.280338"
1,2025-09-14,,,,,,,,,,0,,,,,,,,,,,,,,,,,,,,,,,,,,"2026-03-13 02:54:29.935856","2026-03-13 02:54:29.935861"
1,2025-09-15,,,,,,,,,,0,,,,,,,,,,,,,,,,,,,,,,,,,,"2026-03-13 02:54:30.510536","2026-03-13 02:54:30.510541"
1,2025-09-16,,,,,,,,,,0,,,,,,,,,,,,,,,,,,,,,,,,,,"2026-03-13 02:54:31.091969","2026-03-13 02:54:31.091974"
1,2025-09-17,,,,,,,,,,0,,,,,,,,,,,,,,,,,,,,,,,,,,"2026-03-13 02:54:31.703745","2026-03-13 02:54:31.703750"
1,2025-09-18,,,,,,,,,,0,,,,,,,,,,,,,,,,,,,,,,,,,,"2026-03-13 02:54:32.311658","2026-03-13 02:54:32.311664"
1,2025-09-19,,,,,,,,,,0,,,,,,,,,,,,,,,,,,,,,,,,,,"2026-03-13 02:54:32.881649","2026-03-13 02:54:32.881654"
1,2025-09-20,,,,,,,,,,0,,,,,,,,,,,,,,,,,,,,,,,,,,"2026-03-13 02:54:33.453601","2026-03-13 02:54:33.453607"
1,2025-09-21,,,,,,,,,,0,,,,,,,,,,,,,,,,,,,,,,,,,,"2026-03-13 02:54:34.051353","2026-03-13 02:54:34.051359"
1,2025-09-22,,,,,,,,,,0,,,,,,,,,,,,,,,,,,,,,,,,,,"2026-03-13 02:54:34.624576","2026-03-13 02:54:34.624581"
1,2025-09-23,,,,,,,,,,0,,,,,,,,,,,,,,,,,,,,,,,,,,"2026-03-13 02:54:35.193203","2026-03-13 02:54:35.193206"
1,2025-09-24,,,,,,,,,,0,,,,,,,,,,,,,,,,,,,,,,,,,,"2026-03-13 02:54:35.781495","2026-03-13 02:54:35.781502"
1,2025-09-25,,,,,,,,,,0,,,,,,,,,,,,,,,,,,,,,,,,,,"2026-03-13 02:54:36.393267","2026-03-13 02:54:36.393273"
1,2025-09-26,,,,,,,,,,0,,,,,,,,,,,,,,,,,,,,,,,,,,"2026-03-13 02:54:37.006422","2026-03-13 02:54:37.006424"
1,2025-09-27,,,,,,,,,,0,,,,,,,,,,,,,,,,,,,,,,,,,,"2026-03-13 02:54:37.604592","2026-03-13 02:54:37.604597"
1,2025-09-28,,,,,,,,,,0,,,,,,,,,,,,,,,,,,,,,,,,,,"2026-03-13 02:54:38.183799","2026-03-13 02:54:38.183805"
1,2025-09-29,,,,,,,,,,0,,,,,,,,,,,,,,,,,,,,,,,,,,"2026-03-13 02:54:38.803075","2026-03-13 02:54:38.803077"
1,2025-09-30,,,,,,,,,,0,,,,,,,,,,,,,,,,,,,,,,,,,,"2026-03-13 02:54:39.389955","2026-03-13 02:54:39.389960"
1,2025-10-01,,,,,,,,,,0,,,,,,,,,,,,,,,,,,,,,,,,,,"2026-03-13 02:54:39.956019","2026-03-13 02:54:39.956025"
1,2025-10-02,,,,,,,,,,0,,,,,,,,,,,,,,,,,,,,,,,,,,"2026-03-13 02:54:40.579477","2026-03-13 02:54:40.579480"
1,2025-10-03,,,,,,,,,,0,,,,,,,,,,,,,,,,,,,,,,,,,,"2026-03-13 02:54:41.178567","2026-03-13 02:54:41.178572"
1,2025-10-04,,,,,,,,,,0,,,,,,,,,,,,,,,,,,,,,,,,,,"2026-03-13 02:54:41.811942","2026-03-13 02:54:41.811945"
1,2025-10-05,,,,,,,,,,0,,,,,,,,,,,,,,,,,,,,,,,,,,"2026-03-13 02:54:42.445832","2026-03-13 02:54:42.445837"
1,2025-10-06,,,,,,,,,,0,,,,,,,,,,,,,,,,,,,,,,,,,,"2026-03-13 02:54:43.035207","2026-03-13 02:54:43.035214"
1,2025-10-07,,,,,,,,,,0,,,,,,,,,,,,,,,,,,,,,,,,,,"2026-03-13 02:54:43.687991","2026-03-13 02:54:43.687996"
1,2025-10-08,,,,,,,,,,0,,,,,,,,,,,,,,,,,,,,,,,,,,"2026-03-13 02:54:44.264860","2026-03-13 02:54:44.264865"
1,2025-10-09,,,,,,,,,,0,,,,,,,,,,,,,,,,,,,,,,,,,,"2026-03-13 02:54:44.920296","2026-03-13 02:54:44.920301"
1,2025-10-10,,,,,,,,,,0,,,,,,,,,,,,,,,,,,,,,,,,,,"2026-03-13 02:54:45.538780","2026-03-13 02:54:45.538785"
1,2025-10-11,,,,,,,,,,0,,,,,,,,,,,,,,,,,,,,,,,,,,"2026-03-13 02:54:46.111836","2026-03-13 02:54:46.111838"
1,2025-10-12,,,,,,,,,,0,,,,,,,,,,,,,,,,,,,,,,,,,,"2026-03-13 02:54:46.753159","2026-03-13 02:54:46.753162"
1,2025-10-13,,,,,,,,,,0,,,,,,,,,,,,,,,,,,,,,,,,,,"2026-03-13 02:54:47.468083","2026-03-13 02:54:47.468092"
1,2025-10-14,,,,,,,,,,0,,,,,,,,,,,,,,,,,,,,,,,,,,"2026-03-13 02:54:48.115697","2026-03-13 02:54:48.115702"
1,2025-10-15,,,,,,,,,,0,,,,,,,,,,,,,,,,,,,,,,,,,,"2026-03-13 02:54:48.747768","2026-03-13 02:54:48.747773"
1,2025-10-16,,,,,,,,,,0,,,,,,,,,,,,,,,,,,,,,,,,,,"2026-03-13 02:54:49.378099","2026-03-13 02:54:49.378105"
1,2025-10-17,,,,,,,,,,0,,,,,,,,,,,,,,,,,,,,,,,,,,"2026-03-13 02:54:49.996746","2026-03-13 02:54:49.996752"
1,2025-10-18,6367,10000,14868.0,3718,1897,1821,67,,,0,50,99,18,5,,,,,,,,,,,,,,,,,,14.0,,11.0,20.0,"2026-03-13 02:54:50.353731","2026-03-13 02:54:50.766843"
1,2025-10-19,4396,9280,3521.0,2373,552,1821,54,,,0,29,99,95,16,10.1166666666667,1.81666666666667,5.76666666666667,2.53333333333333,,17.9571663920923,57.001647446458,25.0411861614498,0.0,,,,,,,,,15.0,16.0,11.0,24.0,"2026-03-13 02:54:50.989746","2026-03-13 02:54:51.404108"
1,2025-10-20,7890,8310,6295.0,2989,1168,1821,50,,,0,39,99,100,7,11.45,0.7,6.0,4.75,0.05,6.11353711790393,52.4017467248908,41.4847161572052,0.436681222707424,,,,,,,,,14.0,16.0,11.0,21.0,"2026-03-13 02:54:51.646412","2026-03-13 02:54:52.076196"
1,2025-10-21,15698,8230,13703.0,3575,1754,1821,51,,,0,36,99,86,5,9.73333333333333,,6.38333333333333,3.35,0.0333333333333333,0.0,65.5821917808219,34.4178082191781,0.342465753424658,,,,,,,,,14.0,15.0,11.0,21.0,"2026-03-13 02:54:52.306623","2026-03-13 02:54:52.699328"
1,2025-10-22,7542,8980,6108.0,2734,913,1821,50,,,0,34,100,91,10,11.8333333333333,2.18333333333333,5.33333333333333,4.31666666666667,0.05,18.4507042253521,45.0704225352113,36.4788732394366,0.422535211267606,,,,,,,,,14.0,15.0,11.0,21.0,"2026-03-13 02:54:52.912501","2026-03-13 02:54:53.304688"
1,2025-10-23,8811,8840,7099.0,3397,1576,1821,55,,,0,36,100,86,9,10.5,1.13333333333333,5.41666666666667,3.93333333333333,0.0666666666666667,10.7936507936508,51.5873015873016,37.4603174603175,0.634920634920635,,,,,,,,,14.0,15.0,12.0,22.0,"2026-03-13 02:54:53.545957","2026-03-13 02:54:54.013039"
1,2025-10-24,6532,8840,5232.0,2760,939,1821,58,,,0,43,99,83,12,,,,,,,,,,,,,,,,,,15.0,,10.0,20.0,"2026-03-13 02:54:54.346390","2026-03-13 02:54:54.795402"
1,2025-10-25,14961,8380,12355.0,2905,1084,1821,52,,,0,42,99,87,5,8.83333333333333,1.65,3.31666666666667,3.85,0.0333333333333333,18.6792452830189,37.5471698113208,43.5849056603774,0.377358490566038,,,,,,,,,14.0,15.0,10.0,20.0,"2026-03-13 02:54:55.034189","2026-03-13 02:54:55.466204"
1,2025-10-26,2806,9040,2248.0,2107,286,1821,54,,,0,34,99,95,24,12.15,1.71666666666667,6.73333333333333,3.7,,14.1289437585734,55.4183813443073,30.4526748971193,0.0,,,,,,,,,14.0,15.0,11.0,21.0,"2026-03-13 02:54:55.698039","2026-03-13 02:54:56.109044"
1,2025-10-27,7830,8420,6299.0,3078,1257,1821,51,,,0,39,100,95,8,8.91666666666667,1.46666666666667,5.28333333333333,2.16666666666667,0.05,16.4485981308411,59.2523364485981,24.2990654205607,0.560747663551402,,,,,,,,,14.0,16.0,10.0,21.0,"2026-03-13 02:54:56.345871","2026-03-13 02:54:56.788098"
1,2025-10-28,2947,8310,2361.0,2331,510,1821,52,,,0,26,99,72,18,10.3833333333333,0.383333333333333,8.13333333333333,1.86666666666667,0.316666666666667,3.69181380417336,78.330658105939,17.9775280898876,3.04975922953451,,,,,,,,,14.0,15.0,10.0,21.0,"2026-03-13 02:54:57.096724","2026-03-13 02:54:57.509756"
1,2025-10-29,7934,7240,6355.0,2945,1124,1821,53,,,0,40,100,95,7,9.65,0.466666666666667,6.13333333333333,3.05,,4.83592400690846,63.5578583765112,31.6062176165803,0.0,,,,,,,,,14.0,16.0,10.0,21.0,"2026-03-13 02:54:57.731334","2026-03-13 02:54:58.271785"
1,2025-10-30,13846,7310,12503.0,3454,1633,1821,55,,,0,39,99,65,5,11.0166666666667,2.4,5.83333333333333,2.78333333333333,0.0166666666666667,21.78517397882,52.9500756429652,25.2647503782148,0.151285930408472,,,,,,,,,14.0,16.0,9.0,21.0,"2026-03-13 02:54:58.536744","2026-03-13 02:54:58.999517"
1,2025-10-31,5753,8620,4657.0,2572,751,1821,52,,,0,33,99,90,16,9.7,1.28333333333333,5.11666666666667,3.3,0.0166666666666667,13.2302405498282,52.7491408934708,34.020618556701,0.171821305841924,,,,,,,,,14.0,16.0,11.0,23.0,"2026-03-13 02:54:59.238130","2026-03-13 02:54:59.699543"
1,2025-11-01,12299,8340,9865.0,3096,1275,1821,57,144,57,93.4245689655172,64,99,80,5,,,,,,,,,,,,,,,,,,14.0,,11.0,18.0,"2026-03-13 02:54:59.958335","2026-03-13 02:55:00.617345"
1,2025-11-02,4793,8740,3839.0,2607,786,1821,48,145,47,76.4444444444444,41,99,86,5,9.75,1.41666666666667,6.25,2.08333333333333,0.0333333333333333,14.5299145299145,64.1025641025641,21.3675213675214,0.341880341880342,,,,,,,,,14.0,16.0,10.0,21.0,"2026-03-13 02:55:00.864371","2026-03-13 02:55:01.802213"
1,2025-11-03,10647,8350,8632.0,3417,1596,1821,50,156,47,88.3583333333333,41,100,87,5,9.88333333333333,,7.48333333333333,2.4,0.0166666666666667,0.0,75.716694772344,24.283305227656,0.168634064080944,,,,,,,,,14.0,16.0,10.0,23.0,"2026-03-13 02:55:02.088561","2026-03-13 02:55:03.063264"
1,2025-11-04,12555,8580,11508.0,3310,1489,1821,54,186,52,87.0097222222222,50,100,48,5,8.51666666666667,0.55,6.5,1.46666666666667,0.183333333333333,6.45792563600783,76.320939334638,17.2211350293542,2.15264187866928,,,,,,,,,14.0,16.0,10.0,23.0,"2026-03-13 02:55:03.287396","2026-03-13 02:55:04.203339"
1,2025-11-05,6410,9380,5177.0,2763,942,1821,56,141,55,79.7527777777778,41,99,82,5,8.4,,5.01666666666667,3.38333333333333,0.0166666666666667,0.0,59.7222222222222,40.2777777777778,0.198412698412698,,,,,,,,,14.0,16.0,9.0,22.0,"2026-03-13 02:55:04.427264","2026-03-13 02:55:05.322388"
1,2025-11-06,5552,9090,4891.0,2632,811,1821,52,147,45,76.8569444444445,40,98,70,10,10.9333333333333,0.666666666666667,7.55,2.71666666666667,0.0833333333333333,6.09756097560976,69.0548780487805,24.8475609756098,0.76219512195122,,,,,,,,,15.0,16.0,10.0,24.0,"2026-03-13 02:55:05.551693","2026-03-13 02:55:06.462258"
1,2025-11-07,5929,8390,4749.0,2345,524,1821,54,115,51,74.5888888888889,40,99,81,6,9.83333333333333,1.23333333333333,5.28333333333333,3.31666666666667,0.1,12.5423728813559,53.728813559322,33.728813559322,1.01694915254237,,,,,,,,,14.0,16.0,11.0,21.0,"2026-03-13 02:55:06.720770","2026-03-13 02:55:07.637705"
1,2025-11-08,7200,7900,5789.0,2563,742,1821,52,130,49,75.1666666666667,39,100,78,10,7.7,1.63333333333333,3.68333333333333,2.38333333333333,0.0166666666666667,21.2121212121212,47.8354978354978,30.952380952381,0.216450216450216,,,,,,,,,14.0,16.0,10.0,24.0,"2026-03-13 02:55:07.878380","2026-03-13 02:55:08.755261"
1,2025-11-09,3608,7760,2898.0,2513,692,1821,53,137,49,77.4509202453988,45,99,86,8,10.1666666666667,2.45,5.7,2.01666666666667,0.183333333333333,24.0983606557377,56.0655737704918,19.8360655737705,1.80327868852459,,,,,,,,,13.0,16.0,10.0,23.0,"2026-03-13 02:55:08.973635","2026-03-13 02:55:09.827080"
1,2025-11-10,3779,6930,3039.0,2369,548,1821,48,144,46,77.5150554675119,52,99,91,9,,,,,,,,,,,,,,,,,,14.0,,10.0,21.0,"2026-03-13 02:55:10.061636","2026-03-13 02:55:10.692148"
1,2025-11-11,702,6300,562.0,2025,204,1821,57,119,67,85.4736111111111,71,97,21,5,10.3,1.03333333333333,7.81666666666667,1.45,0.15,10.0323624595469,75.8899676375405,14.0776699029126,1.45631067961165,,,,,,,,,16.0,17.0,11.0,25.0,"2026-03-13 02:55:10.918141","2026-03-13 02:55:11.802689"
1,2025-11-12,702,5180,562.0,2100,279,1821,57,128,62,82.6069444444445,51,94,7,5,9.25,0.966666666666667,7.35,0.933333333333333,0.516666666666667,10.4504504504505,79.4594594594595,10.0900900900901,5.58558558558559,,,,,,,,,16.0,19.0,11.0,24.0,"2026-03-13 02:55:12.029112","2026-03-13 02:55:12.920375"
1,2025-11-13,7831,4290,6273.0,3028,1207,1821,57,125,59,85.0041666666667,40,99,51,5,10.9833333333333,1.08333333333333,7.61666666666667,2.28333333333333,0.0666666666666667,9.86342943854325,69.3474962063733,20.7890743550835,0.606980273141123,,,,,,,,,14.0,17.0,10.0,25.0,"2026-03-13 02:55:13.166507","2026-03-13 02:55:14.085410"
1,2025-11-14,8803,4650,7066.0,2468,647,1821,57,123,53,77.5638888888889,38,99,63,5,9.25,1.3,5.78333333333333,2.16666666666667,0.0666666666666667,14.0540540540541,62.5225225225225,23.4234234234234,0.720720720720721,,,,,,,,,13.0,15.0,10.0,22.0,"2026-03-13 02:55:14.335566","2026-03-13 02:55:15.213608"
1,2025-11-15,10090,5480,8534.0,2565,744,1821,45,153,42,73.3180555555556,35,98,93,13,9.4,1.28333333333333,3.8,4.31666666666667,0.1,13.6524822695035,40.4255319148936,45.9219858156028,1.06382978723404,,,,,,,,,15.0,16.0,11.0,23.0,"2026-03-13 02:55:15.492555","2026-03-13 02:55:16.394927"
1,2025-11-16,5387,6410,4315.0,2104,283,1821,44,123,42,63.7138888888889,25,97,100,32,10.4666666666667,0.916666666666667,4.28333333333333,5.26666666666667,0.1,8.75796178343949,40.9235668789809,50.3184713375796,0.955414012738854,,,,,,,,,14.0,17.0,11.0,23.0,"2026-03-13 02:55:16.614293","2026-03-13 02:55:17.486332"
1,2025-11-17,3602,6310,2885.0,2264,443,1821,40,126,39,63.9847222222222,29,99,100,21,11.1,1.25,4.96666666666667,4.88333333333333,0.0333333333333333,11.2612612612613,44.7447447447448,43.993993993994,0.3003003003003,,,,,,,,,15.0,16.0,12.0,21.0,"2026-03-13 02:55:17.705428","2026-03-13 02:55:18.644510"
1,2025-11-18,11482,5770,10097.0,2783,962,1821,45,188,41,75.6535211267606,41,99,98,5,11.3,1.23333333333333,7.28333333333333,2.78333333333333,0.0333333333333333,10.9144542772861,64.4542772861357,24.6312684365782,0.294985250737463,,,,,,,,,15.0,16.0,10.0,20.0,"2026-03-13 02:55:18.862694","2026-03-13 02:55:19.716641"
1,2025-11-19,3289,6350,2635.0,2221,400,1821,50,118,48,70.2111111111111,34,99,78,8,10.65,1.43333333333333,5.8,3.41666666666667,0.0833333333333333,13.4585289514867,54.4600938967136,32.0813771517997,0.782472613458529,,,,,,,,,15.0,16.0,12.0,21.0,"2026-03-13 02:55:19.942091","2026-03-13 02:55:20.826183"
1,2025-11-20,5197,6050,4180.0,2368,547,1821,48,118,44,76.5674796747967,45,99,100,8,7.73333333333333,0.933333333333333,4.13333333333333,2.66666666666667,0.05,12.0689655172414,53.448275862069,34.4827586206897,0.646551724137931,,,,,,,,,14.0,16.0,10.0,20.0,"2026-03-13 02:55:21.054755","2026-03-13 02:55:21.926275"
1,2025-11-21,8829,5880,7124.0,2261,440,1821,49,119,51,81.1627906976744,52,99,75,7,,,,,,,,,,,,,,,,,,13.0,,10.0,20.0,"2026-03-13 02:55:22.204040","2026-03-13 02:55:22.821456"
1,2025-11-22,12984,6180,13311.0,2903,1082,1821,44,184,42,73.3680555555556,29,99,100,10,9.9,0.25,5.71666666666667,3.93333333333333,0.0166666666666667,2.52525252525253,57.7441077441077,39.7306397306397,0.168350168350168,,,,,,,,,14.0,15.0,10.0,25.0,"2026-03-13 02:55:23.045265","2026-03-13 02:55:23.942909"
1,2025-11-23,4786,7540,3834.0,2331,510,1821,44,125,43,70.2388888888889,32,99,99,14,9.71666666666667,0.766666666666667,4.48333333333333,4.46666666666667,0.2,7.89022298456261,46.1406518010292,45.9691252144082,2.05831903945112,,,,,,,,,14.0,16.0,10.0,21.0,"2026-03-13 02:55:24.239413","2026-03-13 02:55:25.191630"
1,2025-11-24,4272,7270,3429.0,2588,767,1821,47,148,45,75.9415954415954,42,99,96,6,10.05,1.06666666666667,4.78333333333333,4.2,0.05,10.6135986733002,47.5953565505804,41.7910447761194,0.497512437810945,,,,,,,,,14.0,16.0,10.0,22.0,"2026-03-13 02:55:25.423121","2026-03-13 02:55:26.332082"
1,2025-11-25,4675,6670,3765.0,2506,685,1821,50,143,48,74.5194444444444,37,97,88,9,9.15,0.416666666666667,4.15,4.58333333333333,0.0666666666666667,4.55373406193078,45.3551912568306,50.0910746812386,0.728597449908925,,,,,,,,,14.0,15.0,10.0,20.0,"2026-03-13 02:55:26.564160","2026-03-13 02:55:27.487283"
1,2025-11-26,6876,6280,5524.0,3613,1792,1821,51,139,49,80.7194444444444,34,99,80,10,10.5166666666667,0.666666666666667,5.88333333333333,3.96666666666667,0.133333333333333,6.3391442155309,55.9429477020602,37.7179080824089,1.26782884310618,,,,,,,,,14.0,15.0,11.0,21.0,"2026-03-13 02:55:27.707815","2026-03-13 02:55:28.593895"
1,2025-11-27,11027,6340,10087.0,3374,1553,1821,48,190,44,81.6861111111111,39,99,88,11,8.6,1.35,5.76666666666667,1.48333333333333,,15.6976744186047,67.0542635658915,17.2480620155039,0.0,,,,,,,,,14.0,15.0,11.0,19.0,"2026-03-13 02:55:28.816380","2026-03-13 02:55:29.888311"
1,2025-11-28,1579,7280,1274.0,1884,63,1821,49,107,44,64.3777777777778,26,96,75,21,11.8833333333333,1.73333333333333,7.26666666666667,2.88333333333333,0.166666666666667,14.586255259467,61.1500701262272,24.2636746143057,1.40252454417952,,,,,,,,,14.0,16.0,12.0,23.0,"2026-03-13 02:55:30.126190","2026-03-13 02:55:31.196398"
1,2025-11-29,4343,6710,3486.0,2375,554,1821,45,118,44,71.9042253521127,34,99,100,14,10.8666666666667,1.3,6.21666666666667,3.35,0.316666666666667,11.9631901840491,57.2085889570552,30.8282208588957,2.91411042944785,,,,,,,,,14.0,16.0,12.0,20.0,"2026-03-13 02:55:31.423369","2026-03-13 02:55:32.324331"
1,2025-11-30,2864,6240,2299.0,2177,356,1821,43,117,43,79.634382566586,55,99,62,6,,,,,,,,,,,,,,,,,,14.0,,12.0,20.0,"2026-03-13 02:55:32.547578","2026-03-13 02:55:33.196715"
1,2025-12-01,5334,5570,4273.0,2507,686,1821,47,138,46,73.7388888888889,32,99,97,12,9.56666666666667,0.4,5.86666666666667,3.3,0.183333333333333,4.18118466898955,61.3240418118467,34.4947735191638,1.91637630662021,,,,,,,,,15.0,16.0,10.0,23.0,"2026-03-13 02:55:33.430933","2026-03-13 02:55:34.337646"
1,2025-12-02,5349,5530,4316.0,2480,659,1821,44,134,43,71.9458333333333,35,99,100,11,10.0166666666667,0.283333333333333,6.26666666666667,3.46666666666667,0.0666666666666667,2.82861896838602,62.5623960066556,34.6089850249584,0.665557404326123,,,,,,,,,14.0,16.0,10.0,23.0,"2026-03-13 02:55:34.574076","2026-03-13 02:55:35.479463"
1,2025-12-03,4893,5500,4014.0,2517,696,1821,48,136,45,74.2875,40,99,84,7,10.9833333333333,1.48333333333333,6.73333333333333,2.76666666666667,0.133333333333333,13.50531107739,61.3050075872534,25.1896813353566,1.21396054628225,,,,,,,,,13.0,16.0,10.0,22.0,"2026-03-13 02:55:35.702220","2026-03-13 02:55:36.610297"
1,2025-12-04,8848,5380,7174.0,3162,1341,1821,47,142,46,80.6166666666667,35,99,93,5,11.7666666666667,0.1,6.98333333333333,4.68333333333333,0.116666666666667,0.84985835694051,59.3484419263456,39.8016997167139,0.991501416430595,,,,,,,,,14.0,15.0,11.0,23.0,"2026-03-13 02:55:36.837844","2026-03-13 02:55:37.823573"
1,2025-12-05,7754,5730,6228.0,2970,1149,1821,47,153,44,80.7277777777778,44,99,83,5,10.05,0.233333333333333,5.31666666666667,4.5,0.0166666666666667,2.32172470978441,52.9021558872305,44.7761194029851,0.165837479270315,,,,,,,,,14.0,16.0,10.0,20.0,"2026-03-13 02:55:38.047192","2026-03-13 02:55:38.964988"
1,2025-12-06,5956,6140,4787.0,2658,837,1821,53,136,51,79.0625,47,99,55,5,7.96666666666667,1.05,5.66666666666667,1.25,0.0333333333333333,13.1799163179916,71.1297071129707,15.6903765690377,0.418410041841004,,,,,,,,,14.0,16.0,10.0,23.0,"2026-03-13 02:55:39.248421","2026-03-13 02:55:40.132749"
1,2025-12-07,4323,6130,3463.0,2631,810,1821,50,126,50,78.575,46,99,75,7,9.93333333333333,,5.78333333333333,4.15,0.05,0.0,58.2214765100671,41.7785234899329,0.503355704697987,,,,,,,,,13.0,16.0,10.0,22.0,"2026-03-13 02:55:40.348679","2026-03-13 02:55:41.232330"
1,2025-12-08,8990,5770,7582.0,2918,1097,1821,50,187,46,81.8958333333333,46,99,80,5,10.6666666666667,1.4,5.3,3.96666666666667,0.0166666666666667,13.125,49.6875,37.1875,0.15625,,,,,,,,,14.0,16.0,3.0,21.0,"2026-03-13 02:55:41.462548","2026-03-13 02:55:42.434704"
1,2025-12-09,5048,6100,4090.0,2539,718,1821,52,136,52,77.4222222222222,44,99,73,5,10.7666666666667,0.9,4.98333333333333,4.88333333333333,0.0166666666666667,8.35913312693498,46.2848297213622,45.3560371517028,0.154798761609907,,,,,,,,,14.0,17.0,10.0,21.0,"2026-03-13 02:55:42.656682","2026-03-13 02:55:43.550166"
1,2025-12-10,19,6000,15.0,445,0,445,51,67,49,57.8863636363636,14,41,72,19,7.58333333333333,0.733333333333333,3.3,3.55,0.0166666666666667,9.67032967032967,43.5164835164835,46.8131868131868,0.21978021978022,,,,,,,,,,17.0,12.0,22.0,"2026-03-13 02:55:43.775570","2026-03-13 02:55:44.361749"
1,2025-12-11,,6000,,1821,0,1821,,,,0,-2,,,,,,,,,,,,,,,,,,,,,,,,,"2026-03-13 02:55:44.586406","2026-03-13 02:55:44.965463"
1,2025-12-12,,6000,,1821,0,1821,,,,0,-1,,,,,,,,,,,,,,,,,,,,,,,,,"2026-03-13 02:55:45.336722","2026-03-13 02:55:45.843974"
1,2025-12-13,3349,6000,2683.0,2042,221,1821,62,116,54,78.78515625,58,98,92,5,,,,,,,,,,,,,,,,,,14.0,,11.0,21.0,"2026-03-13 02:55:46.223080","2026-03-13 02:55:46.872384"
1,2025-12-14,5753,5470,4625.0,2205,384,1821,49,119,46,72.5319444444444,39,99,70,5,10.0,1.66666666666667,5.7,2.63333333333333,0.183333333333333,16.6666666666667,57.0,26.3333333333333,1.83333333333333,,,,,,,,,14.0,17.0,12.0,23.0,"2026-03-13 02:55:47.124130","2026-03-13 02:55:48.114426"
1,2025-12-15,4636,5500,3803.0,2450,629,1821,47,152,45,72.5888888888889,37,99,93,11,10.3666666666667,1.73333333333333,4.9,3.73333333333333,0.0166666666666667,16.7202572347267,47.2668810289389,36.0128617363344,0.160771704180064,,,,,,,,,14.0,16.0,9.0,23.0,"2026-03-13 02:55:48.396100","2026-03-13 02:55:49.495884"
1,2025-12-16,11133,5420,8918.0,3014,1193,1821,50,169,45,80.1013888888889,37,99,84,5,10.75,1.78333333333333,6.31666666666667,2.65,0.116666666666667,16.5891472868217,58.7596899224806,24.6511627906977,1.08527131782946,,,,,,,,,14.0,15.0,10.0,22.0,"2026-03-13 02:55:49.728761","2026-03-13 02:55:50.635595"
1,2025-12-17,7889,6000,6319.0,2588,767,1821,44,124,41,74.2722222222222,38,99,100,7,10.5,0.966666666666667,4.7,4.83333333333333,0.166666666666667,9.20634920634921,44.7619047619048,46.031746031746,1.58730158730159,,,,,,,,,14.0,15.0,11.0,20.0,"2026-03-13 02:55:50.902895","2026-03-13 02:55:51.886846"
1,2025-12-18,6961,6380,5682.0,2363,542,1821,42,119,41,69.6472222222222,35,99,90,13,10.5833333333333,0.416666666666667,5.48333333333333,4.68333333333333,0.0166666666666667,3.93700787401575,51.8110236220472,44.251968503937,0.15748031496063,,,,,,,,,14.0,15.0,10.0,21.0,"2026-03-13 02:55:52.129754","2026-03-13 02:55:53.043944"
1,2025-12-19,4521,6500,3621.0,2217,396,1821,47,120,44,71.9055555555556,40,99,100,10,10.5666666666667,0.3,6.15,4.1,0.0833333333333333,2.8391167192429,58.2018927444795,38.801261829653,0.788643533123028,,,,,,,,,15.0,15.0,10.0,22.0,"2026-03-13 02:55:53.263540","2026-03-13 02:55:54.199426"
1,2025-12-20,9064,6310,7166.0,2558,737,1821,45,167,44,75.8236111111111,42,99,87,5,9.8,1.46666666666667,4.01666666666667,4.31666666666667,0.0166666666666667,14.9659863945578,40.9863945578231,44.047619047619,0.170068027210884,,,,,,,,,14.0,16.0,10.0,22.0,"2026-03-13 02:55:54.421570","2026-03-13 02:55:55.353946"
1,2025-12-21,3226,6590,2614.0,2159,338,1821,50,114,49,73.4222222222222,45,99,69,5,11.9833333333333,0.833333333333333,7.46666666666667,3.68333333333333,0.4,6.95410292072323,62.3087621696801,30.7371349095967,3.33796940194715,,,,,,,,,15.0,15.0,11.0,22.0,"2026-03-13 02:55:55.593302","2026-03-13 02:55:56.504279"
1,2025-12-22,8275,6260,6964.0,2879,1058,1821,50,184,51,82.9083333333333,52,99,62,5,10.0,1.33333333333333,5.95,2.71666666666667,0.4,13.3333333333333,59.5,27.1666666666667,4.0,,,,,,,,,14.0,15.0,11.0,20.0,"2026-03-13 02:55:56.712084","2026-03-13 02:55:57.603447"
1,2025-12-23,5744,6470,4697.0,2808,987,1821,50,168,53,83.3061840120664,55,99,51,5,8.71666666666667,1.71666666666667,4.01666666666667,2.98333333333333,0.0666666666666667,19.6940726577438,46.0803059273423,34.225621414914,0.764818355640535,,,,,,,,,14.0,16.0,12.0,20.0,"2026-03-13 02:55:57.873833","2026-03-13 02:55:58.963243"
1,2025-12-24,11020,6400,8823.0,2728,907,1821,51,126,56,83.4638888888889,45,97,28,5,6.53333333333333,1.4,4.56666666666667,0.566666666666667,0.0166666666666667,21.4285714285714,69.8979591836735,8.6734693877551,0.255102040816327,,,,,,,,,13.0,16.0,10.0,23.0,"2026-03-13 02:55:59.263372","2026-03-13 02:56:00.165701"
1,2025-12-25,4719,6870,2724.0,2519,698,1821,51,123,54,76.9152777777778,29,97,90,5,8.33333333333333,0.416666666666667,5.55,2.36666666666667,,5.0,66.6,28.4,0.0,,,,,,,,,14.0,15.0,11.0,22.0,"2026-03-13 02:56:00.385874","2026-03-13 02:56:01.318263"
1,2025-12-26,6724,6660,5396.0,2657,836,1821,52,131,54,79.9906015037594,33,99,98,26,11.7833333333333,2.15,6.53333333333333,3.1,0.0666666666666667,18.2461103253182,55.4455445544555,26.3083451202263,0.565770862800566,,,,,,,,,15.0,16.0,11.0,24.0,"2026-03-13 02:56:01.586340","2026-03-13 02:56:02.532345"
1,2025-12-27,10691,6670,8579.0,2935,1114,1821,55,136,57,87.1844331641286,42,99,75,11,,,,,,,,,,,,,,,,,,14.0,,10.0,21.0,"2026-03-13 02:56:02.779712","2026-03-13 02:56:03.402175"
1,2025-12-28,4053,7480,3247.0,2293,472,1821,52,116,47,79.9416666666667,41,96,94,16,7.53333333333333,1.03333333333333,4.51666666666667,1.98333333333333,,13.716814159292,59.9557522123894,26.3274336283186,0.0,,,,,,,,,15.0,15.0,11.0,22.0,"2026-03-13 02:56:03.651118","2026-03-13 02:56:04.502837"
1,2025-12-29,3442,7140,2757.0,2170,349,1821,51,118,48,72.8013888888889,33,98,100,21,12.5833333333333,2.05,4.01666666666667,6.51666666666667,0.0333333333333333,16.2913907284768,31.9205298013245,51.7880794701987,0.264900662251656,,,,,,,,,14.0,16.0,10.0,23.0,"2026-03-13 02:56:04.755891","2026-03-13 02:56:05.790889"
1,2025-12-30,2208,6400,1769.0,1922,101,1821,46,113,42,65.0694444444444,24,98,100,24,12.3666666666667,1.8,6.01666666666667,4.55,0.9,14.55525606469,48.6522911051213,36.7924528301887,7.27762803234501,,,,,,,,,15.0,16.0,11.0,23.0,"2026-03-13 02:56:06.015170","2026-03-13 02:56:06.943647"
1,2025-12-31,10205,5570,8786.0,3189,1368,1821,54,184,51,82.0722222222222,35,99,90,7,10.8833333333333,2.55,5.21666666666667,3.11666666666667,0.15,23.4303215926493,47.9326186830015,28.6370597243492,1.37825421133231,,,,,,,,,14.0,17.0,11.0,22.0,"2026-03-13 02:56:07.160757","2026-03-13 02:56:08.154807"
1,2026-01-01,2702,6040,2164.0,2333,512,1821,49,140,45,71.0125,25,98,92,26,11.35,0.883333333333333,7.78333333333333,2.68333333333333,0.25,7.78267254038179,68.575624082232,23.6417033773862,2.20264317180617,,,,,,,,,15.0,15.0,10.0,21.0,"2026-03-13 02:56:08.401801","2026-03-13 02:56:09.331213"
1,2026-01-02,3177,5710,2545.0,2035,220,1815,53,110,51,68.7555555555556,28,98,100,26,11.8333333333333,0.933333333333333,6.51666666666667,4.38333333333333,0.0666666666666667,7.88732394366197,55.0704225352113,37.0422535211268,0.563380281690141,,,,,,,,,15.0,15.0,10.0,22.0,"2026-03-13 02:56:09.553245","2026-03-13 02:56:10.478144"
1,2026-01-03,12270,5210,10501.0,3178,1363,1815,49,187,45,83.35,42,99,84,5,6.36666666666667,,3.81666666666667,2.55,,0.0,59.9476439790576,40.0523560209424,0.0,,,,,,,,,14.0,16.0,11.0,20.0,"2026-03-13 02:56:10.714417","2026-03-13 02:56:11.642315"
1,2026-01-04,4130,5920,3313.0,2158,343,1815,54,120,54,74.2097222222222,38,98,69,13,8.68333333333333,0.116666666666667,5.0,3.56666666666667,,1.34357005758157,57.5815738963532,41.0748560460653,0.0,,,,,,,,,14.0,16.0,12.0,22.0,"2026-03-13 02:56:11.858862","2026-03-13 02:56:12.809256"
1,2026-01-05,2941,5750,2356.0,1893,78,1815,51,104,48,71.0528571428571,35,95,74,20,11.5666666666667,0.466666666666667,7.18333333333333,3.91666666666667,0.266666666666667,4.03458213256484,62.1037463976945,33.8616714697406,2.30547550432277,,,,,,,,,14.0,15.0,10.0,20.0,"2026-03-13 02:56:13.037424","2026-03-13 02:56:13.848356"
1,2026-01-06,4358,5190,3531.0,2509,694,1815,51,129,48,77.7546628407461,45,99,100,5,9.41666666666667,0.183333333333333,5.55,3.68333333333333,,1.94690265486726,58.9380530973451,39.1150442477876,0.0,,,,,,,,,14.0,15.0,10.0,20.0,"2026-03-13 02:56:14.074354","2026-03-13 02:56:14.876431"
1,2026-01-07,8857,5030,7805.0,3160,1345,1815,50,183,49,81.3397058823529,34,100,78,11,10.5,0.05,5.05,5.4,0.0666666666666667,0.476190476190476,48.0952380952381,51.4285714285714,0.634920634920635,,,,,,,,,15.0,15.0,10.0,24.0,"2026-03-13 02:56:15.121497","2026-03-13 02:56:16.005850"
1,2026-01-08,810,5420,654.0,1834,19,1815,44,91,42,60.5875,18,86,100,31,9.48333333333333,0.15,4.91666666666667,4.41666666666667,0.0333333333333333,1.5817223198594,51.8453427065026,46.572934973638,0.351493848857645,,,,,,,,,16.0,16.0,12.0,24.0,"2026-03-13 02:56:16.220406","2026-03-13 02:56:17.115335"
1,2026-01-09,1056,4960,853.0,1846,31,1815,41,104,40,60.8375,25,93,100,40,10.9666666666667,0.983333333333333,5.25,4.73333333333333,0.0666666666666667,8.96656534954407,47.8723404255319,43.161094224924,0.60790273556231,,,,,,,,,16.0,17.0,12.0,23.0,"2026-03-13 02:56:17.418690","2026-03-13 02:56:18.515007"
1,2026-01-10,5795,4180,4382.0,2537,722,1815,43,123,41,72.5930555555556,38,99,100,8,9.01666666666667,,5.75,3.26666666666667,0.383333333333333,0.0,63.7707948243993,36.2292051756007,4.25138632162662,,,,,,,,,15.0,16.0,11.0,22.0,"2026-03-13 02:56:18.736358","2026-03-13 02:56:19.616139"
1,2026-01-11,3908,4350,3130.0,2129,314,1815,48,118,45,69.2513888888889,35,99,92,14,10.2333333333333,,5.78333333333333,4.45,0.05,0.0,56.514657980456,43.485342019544,0.488599348534202,,,,,,,,,15.0,16.0,12.0,22.0,"2026-03-13 02:56:19.825603","2026-03-13 02:56:20.704560"
1,2026-01-12,8201,4310,6609.0,2908,1093,1815,49,128,44,79.6569444444444,41,99,99,5,9.06666666666667,0.533333333333333,5.3,3.23333333333333,0.0333333333333333,5.88235294117647,58.4558823529412,35.6617647058824,0.367647058823529,,,,,,,,,14.0,16.0,11.0,23.0,"2026-03-13 02:56:20.928949","2026-03-13 02:56:21.807212"
1,2026-01-13,6481,4700,5224.0,2793,978,1815,46,171,44,80.4958333333333,45,99,69,5,9.38333333333333,1.33333333333333,4.65,3.4,0.1,14.2095914742451,49.5559502664298,36.234458259325,1.06571936056838,,,,,,,,,14.0,15.0,11.0,21.0,"2026-03-13 02:56:22.019709","2026-03-13 02:56:22.909733"
1,2026-01-14,4405,5060,3539.0,2055,240,1815,46,118,46,72.275,40,97,82,10,11.1666666666667,0.35,5.85,4.96666666666667,0.0833333333333333,3.13432835820895,52.3880597014925,44.4776119402985,0.746268656716418,,,,,,,,,14.0,16.0,11.0,23.0,"2026-03-13 02:56:23.122079","2026-03-13 02:56:24.026985"
1,2026-01-15,4386,5000,3513.0,2333,518,1815,47,172,45,73.6861111111111,37,100,96,11,9.78333333333333,,4.85,4.93333333333333,0.0333333333333333,0.0,49.5741056218058,50.4258943781942,0.340715502555366,,,,,,,,,14.0,15.0,12.0,21.0,"2026-03-13 02:56:24.267484","2026-03-13 02:56:25.170100"
1,2026-01-16,6313,4880,5095.0,2680,865,1815,46,165,44,78.0440729483283,43,100,96,7,9.35,1.35,4.71666666666667,3.28333333333333,0.0166666666666667,14.4385026737968,50.445632798574,35.1158645276292,0.17825311942959,,,,,,,,,14.0,15.0,12.0,21.0,"2026-03-13 02:56:25.398570","2026-03-13 02:56:26.272746"
1,2026-01-17,5044,5030,5692.0,2730,915,1815,50,176,50,88.0744466800805,62,99,79,5,,,,,,,,,,,,,,,,,,13.0,,10.0,19.0,"2026-03-13 02:56:26.488545","2026-03-13 02:56:27.118166"
1,2026-01-18,3587,5040,2885.0,2390,575,1815,47,133,45,73.9458333333333,40,99,89,10,9.23333333333333,,5.68333333333333,3.55,0.0333333333333333,0.0,61.5523465703971,38.4476534296029,0.36101083032491,,,,,,,,,14.0,15.0,12.0,22.0,"2026-03-13 02:56:27.355756","2026-03-13 02:56:28.257118"
1,2026-01-19,2552,4900,2044.0,2099,284,1815,51,121,47,73,43,99,90,14,10.5333333333333,0.3,6.2,4.03333333333333,0.0666666666666667,2.84810126582278,58.8607594936709,38.2911392405063,0.632911392405063,,,,,,,,,15.0,16.0,10.0,22.0,"2026-03-13 02:56:28.474176","2026-03-13 02:56:29.382925"
1,2026-01-20,7422,4430,5967.0,2996,1181,1815,48,139,46,81.4652777777778,47,99,81,5,9.73333333333333,1.88333333333333,5.0,2.85,0.0333333333333333,19.3493150684932,51.3698630136986,29.2808219178082,0.342465753424658,,,,,,,,,15.0,16.0,10.0,22.0,"2026-03-13 02:56:29.603510","2026-03-13 02:56:30.529870"
1,2026-01-21,15957,4730,14229.0,3269,1454,1815,52,185,57,88.3941504178273,51,99,33,5,10.3333333333333,1.43333333333333,6.08333333333333,2.81666666666667,0.0166666666666667,13.8709677419355,58.8709677419355,27.258064516129,0.161290322580645,,,,,,,,,14.0,15.0,11.0,22.0,"2026-03-13 02:56:30.753982","2026-03-13 02:56:31.564068"
1,2026-01-22,7018,6730,5667.0,2629,814,1815,53,152,55,79.9138888888889,42,99,70,5,9.35,0.1,5.7,3.55,0.216666666666667,1.06951871657754,60.9625668449198,37.9679144385027,2.31729055258467,,,,,,,,,14.0,15.0,11.0,21.0,"2026-03-13 02:56:31.796471","2026-03-13 02:56:32.680725"
1,2026-01-23,7668,6790,6142.0,2228,413,1815,54,119,51,77.3944444444444,37,97,63,5,8.13333333333333,0.05,5.35,2.73333333333333,,0.614754098360656,65.7786885245902,33.6065573770492,0.0,,,,,,,,,14.0,15.0,12.0,19.0,"2026-03-13 02:56:32.907126","2026-03-13 02:56:33.789264"
1,2026-01-24,5888,6970,4757.0,2360,545,1815,52,116,46,76.2791666666667,38,98,67,7,7.11666666666667,0.833333333333333,4.28333333333333,2.0,0.0166666666666667,11.7096018735363,60.1873536299766,28.1030444964871,0.234192037470726,,,,,,,,,14.0,15.0,12.0,20.0,"2026-03-13 02:56:33.996615","2026-03-13 02:56:34.878423"
1,2026-01-25,2714,6870,2174.0,2047,232,1815,45,119,44,70.7180555555556,37,99,93,14,12.8333333333333,0.416666666666667,8.9,3.51666666666667,0.183333333333333,3.24675324675325,69.3506493506493,27.4025974025974,1.42857142857143,,,,,,,,,14.0,15.0,11.0,20.0,"2026-03-13 02:56:35.119211","2026-03-13 02:56:36.021302"
1,2026-01-26,950,6040,761.0,1742,42,1700,52,111,47,62.9193548387097,20,93,87,20,9.35,0.533333333333333,6.38333333333333,2.43333333333333,,5.70409982174688,68.270944741533,26.0249554367201,0.0,,,,,,,,,15.0,15.0,13.0,21.0,"2026-03-13 02:56:36.252695","2026-03-13 02:56:37.049769"
1,2026-01-27,5046,6040,4275.0,3003,1188,1815,55,175,67,97.3732718894009,75,99,20,5,,,,,,,,,,,,,,,,,,14.0,,10.0,21.0,"2026-03-13 02:56:37.306420","2026-03-13 02:56:38.028187"
1,2026-01-28,6387,5850,5128.0,2732,917,1815,56,150,54,83.5055555555556,53,99,31,5,10.5833333333333,1.75,6.0,2.83333333333333,0.15,16.5354330708661,56.6929133858268,26.7716535433071,1.41732283464567,,,,,,,,,14.0,15.0,10.0,23.0,"2026-03-13 02:56:38.252916","2026-03-13 02:56:39.157667"
1,2026-01-29,5131,5910,4110.0,2375,560,1815,54,131,52,76.7152777777778,38,97,54,5,8.71666666666667,0.95,5.28333333333333,2.48333333333333,0.133333333333333,10.8986615678776,60.6118546845124,28.4894837476099,1.52963671128107,,,,,,,,,14.0,15.0,11.0,21.0,"2026-03-13 02:56:39.371551","2026-03-13 02:56:40.344071"
1,2026-01-30,4420,5840,3540.0,2417,602,1815,50,159,47,78.7430555555556,48,99,83,5,12.3666666666667,0.433333333333333,7.13333333333333,4.8,0.166666666666667,3.50404312668464,57.6819407008086,38.8140161725067,1.34770889487871,,,,,,,,,14.0,15.0,9.0,19.0,"2026-03-13 02:56:40.575939","2026-03-13 02:56:41.491477"
1,2026-01-31,4566,5560,3658.0,3018,1203,1815,56,121,53,85.9986111111111,53,99,39,5,10.2666666666667,0.166666666666667,7.83333333333333,2.26666666666667,0.05,1.62337662337662,76.2987012987013,22.0779220779221,0.487012987012987,,,,,,,,,14.0,16.0,11.0,22.0,"2026-03-13 02:56:41.719926","2026-03-13 02:56:42.641540"
1,2026-02-01,5611,5370,4539.0,2374,559,1815,53,127,51,78.0583333333333,44,99,75,5,8.51666666666667,0.683333333333333,4.91666666666667,2.91666666666667,0.1,8.02348336594912,57.7299412915851,34.2465753424658,1.17416829745597,,,,,,,,,14.0,15.0,11.0,20.0,"2026-03-13 02:56:42.865361","2026-03-13 02:56:43.779901"
1,2026-02-02,6408,5400,5374.0,2768,953,1815,53,163,51,81.3944444444444,47,99,65,5,8.38333333333333,0.4,5.66666666666667,2.31666666666667,0.0333333333333333,4.7713717693837,67.5944333996024,27.6341948310139,0.397614314115308,,,,,,,,,14.0,15.0,11.0,21.0,"2026-03-13 02:56:43.995718","2026-03-13 02:56:44.903676"
1,2026-02-03,4527,5610,3626.0,2282,467,1815,55,115,53,76.9388888888889,43,99,67,5,8.8,,5.05,3.75,0.0333333333333333,0.0,57.3863636363636,42.6136363636364,0.378787878787879,,,,,,,,,14.0,16.0,11.0,23.0,"2026-03-13 02:56:45.142225","2026-03-13 02:56:46.024586"
1,2026-02-04,1669,5510,1337.0,1881,66,1815,51,108,46,67.4763888888889,30,95,69,29,10.2833333333333,1.01666666666667,5.95,3.31666666666667,,9.88654781199352,57.8606158833063,32.2528363047002,0.0,,,,,,,,,14.0,16.0,11.0,21.0,"2026-03-13 02:56:46.243994","2026-03-13 02:56:47.115869"
1,2026-02-05,4412,4750,3574.0,2598,783,1815,56,156,53,79.2177068214804,44,99,90,5,11.55,2.23333333333333,6.58333333333333,2.73333333333333,0.2,19.3362193362193,56.998556998557,23.6652236652237,1.73160173160173,,,,,,,,,14.0,16.0,10.0,21.0,"2026-03-13 02:56:47.403519","2026-03-13 02:56:48.372793"
1,2026-02-06,9915,4690,7769.0,2855,1040,1815,57,172,61,93.2773892773893,63,99,59,5,,,,,,,,,,,,,,,,,,14.0,,10.0,21.0,"2026-03-13 02:56:48.628678","2026-03-13 02:56:49.242696"
1,2026-02-07,3332,5220,2669.0,2110,295,1815,56,113,55,73.6263888888889,39,98,61,10,10.6666666666667,1.3,6.7,2.66666666666667,0.0666666666666667,12.1875,62.8125,25.0,0.625,,,,,,,,,14.0,15.0,10.0,22.0,"2026-03-13 02:56:49.452560","2026-03-13 02:56:50.339176"
1,2026-02-08,3351,5040,2684.0,2307,492,1815,55,120,52,74.5277777777778,41,99,70,15,10.7,0.433333333333333,7.36666666666667,2.9,0.6,4.04984423676012,68.8473520249221,27.1028037383178,5.60747663551402,,,,,,,,,14.0,16.0,10.0,22.0,"2026-03-13 02:56:50.576675","2026-03-13 02:56:51.493101"
1,2026-02-09,7149,4710,6031.0,2894,1079,1815,56,133,54,83.7486111111111,50,99,63,5,12.6833333333333,2.1,8.33333333333333,2.25,0.216666666666667,16.557161629435,65.7030223390276,17.7398160315375,1.70827858081472,,,,,,,,,14.0,16.0,12.0,24.0,"2026-03-13 02:56:51.719480","2026-03-13 02:56:52.609124"
1,2026-02-10,2088,4960,1673.0,2009,194,1815,57,110,51,76.377581120944,41,96,52,8,3.38333333333333,0.283333333333333,3.1,,0.0833333333333333,8.3743842364532,91.6256157635468,0.0,2.46305418719212,,,,,,,,,15.0,17.0,10.0,21.0,"2026-03-13 02:56:52.820704","2026-03-13 02:56:53.520684"
1,2026-02-11,6481,4680,5200.0,2913,1098,1815,47,152,44,79.7486111111111,42,99,100,5,10.35,1.01666666666667,5.01666666666667,4.31666666666667,0.133333333333333,9.82286634460548,48.4702093397746,41.70692431562,1.28824476650564,,,,,,,,,14.0,16.0,10.0,22.0,"2026-03-13 02:56:53.747755","2026-03-13 02:56:54.611522"
1,2026-02-12,5803,4860,4656.0,2673,858,1815,54,150,50,76.4736111111111,39,99,75,7,8.95,0.933333333333333,5.55,2.46666666666667,0.0333333333333333,10.4283054003724,62.0111731843575,27.56052141527,0.37243947858473,,,,,,,,,14.0,16.0,12.0,21.0,"2026-03-13 02:56:54.823034","2026-03-13 02:56:55.694821"
1,2026-02-13,6135,5050,5115.0,2357,542,1815,51,123,49,79.0180555555555,53,99,76,5,8.58333333333333,1.2,3.9,3.48333333333333,0.0166666666666667,13.9805825242718,45.4368932038835,40.5825242718447,0.194174757281553,,,,,,,,,14.0,17.0,12.0,22.0,"2026-03-13 02:56:55.927250","2026-03-13 02:56:56.803424"
1,2026-02-14,6651,5270,5335.0,2575,760,1815,54,172,54,77.7569444444444,42,99,69,6,8.56666666666667,,5.55,3.01666666666667,0.0333333333333333,0.0,64.7859922178988,35.2140077821012,0.389105058365759,,,,,,,,,14.0,16.0,10.0,22.0,"2026-03-13 02:56:57.081112","2026-03-13 02:56:58.079461"
1,2026-02-15,6336,5550,4973.0,2318,503,1815,53,131,52,72.875,35,99,85,15,11.4166666666667,1.83333333333333,7.05,2.53333333333333,0.3,16.0583941605839,61.7518248175183,22.1897810218978,2.62773722627737,,,,,,,,,14.0,16.0,10.0,23.0,"2026-03-13 02:56:58.296551","2026-03-13 02:56:59.200707"
1,2026-02-16,8314,5710,7557.0,2785,970,1815,51,183,48,82.1777777777778,47,99,79,5,9.5,1.05,5.03333333333333,3.41666666666667,0.0833333333333333,11.0526315789474,52.9824561403509,35.9649122807018,0.87719298245614,,,,,,,,,14.0,15.0,11.0,23.0,"2026-03-13 02:56:59.416018","2026-03-13 02:57:00.277225"
1,2026-02-17,6539,6230,5244.0,2650,835,1815,55,190,53,82.5384615384615,46,99,64,5,9.48333333333333,0.616666666666667,4.6,4.26666666666667,0.25,6.50263620386643,48.506151142355,44.9912126537786,2.63620386643234,,,,,,,,,14.0,16.0,11.0,22.0,"2026-03-13 02:57:00.496662","2026-03-13 02:57:01.367845"
1,2026-02-18,,6300,,922,0,922,51,77,53,64.2631578947368,21,48,71,32,,,,,,,,,,,,,,,,,,15.0,,12.0,18.0,"2026-03-13 02:57:01.622449","2026-03-13 02:57:02.196632"
1,2026-02-19,5588,6300,4476.0,2231,416,1815,57,108,65,94.7947368421053,67,95,40,7,,,,,,,,,,,,,,,,,,13.0,,12.0,18.0,"2026-03-13 02:57:02.428825","2026-03-13 02:57:02.894648"
1,2026-02-20,4319,6230,3460.0,2046,231,1815,53,110,51,70.3069444444444,34,94,82,7,7.16666666666667,0.416666666666667,4.76666666666667,1.98333333333333,0.0333333333333333,5.81395348837209,66.5116279069767,27.6744186046512,0.465116279069767,,,,,,,,,14.0,15.0,12.0,24.0,"2026-03-13 02:57:03.120072","2026-03-13 02:57:03.971961"
1,2026-02-21,7048,5850,5669.0,2703,888,1815,48,123,46,77.3902777777778,38,99,100,6,8.2,1.0,4.86666666666667,2.33333333333333,,12.1951219512195,59.349593495935,28.4552845528455,0.0,,,,,,,,,14.0,16.0,12.0,23.0,"2026-03-13 02:57:04.192970","2026-03-13 02:57:05.099243"
1,2026-02-22,9428,5970,7552.0,2412,597,1815,48,123,44,76.8027777777778,50,99,82,5,8.93333333333333,0.433333333333333,4.93333333333333,3.56666666666667,,4.85074626865672,55.2238805970149,39.9253731343284,0.0,,,,,,,,,14.0,14.0,10.0,23.0,"2026-03-13 02:57:05.323270","2026-03-13 02:57:06.263887"
1,2026-02-23,15213,6670,12186.0,3323,1508,1815,55,145,52,89.3125,57,100,48,5,6.88333333333333,0.85,3.25,2.78333333333333,0.0166666666666667,12.3486682808717,47.2154963680387,40.4358353510896,0.242130750605327,,,,,,,,,14.0,16.0,11.0,23.0,"2026-03-13 02:57:06.480523","2026-03-13 02:57:07.373433"
1,2026-02-24,14997,8380,12647.0,3587,1772,1815,56,179,51,87.5708333333333,49,99,52,5,9.71666666666667,2.38333333333333,5.45,1.88333333333333,0.1,24.5283018867925,56.0891938250429,19.3825042881647,1.02915951972556,,,,,,,,,14.0,16.0,11.0,22.0,"2026-03-13 02:57:07.597165","2026-03-13 02:57:08.462508"
1,2026-02-25,27351,9710,22893.0,4096,2281,1815,57,186,55,95.1833333333333,49,100,37,5,7.53333333333333,1.35,4.35,1.83333333333333,0.383333333333333,17.9203539823009,57.7433628318584,24.3362831858407,5.08849557522124,,,,,,,,,14.0,16.0,11.0,24.0,"2026-03-13 02:57:08.677607","2026-03-13 02:57:09.562468"
1,2026-02-26,10662,11710,8905.0,2455,1069,1386,55,171,52,85.7542213883677,33,98,58,5,7.88333333333333,0.866666666666667,3.76666666666667,3.25,,10.9936575052854,47.7801268498943,41.2262156448203,0.0,,,,,,,,,13.0,15.0,12.0,23.0,"2026-03-13 02:57:09.778763","2026-03-13 02:57:10.567023"
1,2026-02-27,,,,,,,,,,0,,,,,,,,,,,,,,,,,,,,,,,,,,"2026-03-13 02:57:11.003030","2026-03-13 02:57:11.003032"
1,2026-02-28,,,,,,,,,,0,,,,,,,,,,,,,,,,,,,,,,,,,,"2026-03-13 02:57:11.595626","2026-03-13 02:57:11.595631"
1,2026-03-01,,,,,,,,,,0,,,,,,,,,,,,,,,,,,,,,,,,,,"2026-03-13 02:57:12.304137","2026-03-13 02:57:12.304140"
1,2026-03-02,,,,,,,,,,0,,,,,,,,,,,,,,,,,,,,,,,,,,"2026-03-13 02:57:12.887990","2026-03-13 02:57:12.887996"
1,2026-03-03,4948,11710,3963.0,2060,245,1815,57,109,58,82.1940639269406,48,96,16,5,,,,,,,,,,,,,,,,,,14.0,,9.0,20.0,"2026-03-13 02:57:13.257208","2026-03-13 02:57:13.839157"
1,2026-03-04,8374,11040,6713.0,2323,508,1815,51,113,50,75.4180555555556,35,99,72,6,9.61666666666667,1.58333333333333,5.1,2.93333333333333,0.166666666666667,16.4644714038128,53.0329289428076,30.5025996533795,1.73310225303293,,,,,,,,,14.0,16.0,12.0,23.0,"2026-03-13 02:57:14.068758","2026-03-13 02:57:14.968466"
1,2026-03-05,5258,10510,4065.0,2161,346,1815,51,125,51,71.2430555555556,34,98,78,14,9.56666666666667,0.933333333333333,6.0,2.63333333333333,0.0833333333333333,9.75609756097561,62.7177700348432,27.5261324041812,0.871080139372822,,,,,,,,,14.0,15.0,9.0,22.0,"2026-03-13 02:57:15.303714","2026-03-13 02:57:16.187529"
1,2026-03-06,3649,9460,2923.0,2011,196,1815,50,114,48,66.5625,27,98,90,32,9.81666666666667,0.683333333333333,6.95,2.18333333333333,0.0833333333333333,6.96095076400679,70.7979626485569,22.2410865874363,0.848896434634975,,,,,,,,,15.0,16.0,11.0,25.0,"2026-03-13 02:57:16.431699","2026-03-13 02:57:17.342877"
1,2026-03-07,453,8300,363.0,1980,165,1815,55,125,54,81.37658674189,67,99,78,5,11.3333333333333,1.6,6.66666666666667,3.06666666666667,0.233333333333333,14.1176470588235,58.8235294117647,27.0588235294118,2.05882352941176,,,,,,,,,19.0,17.0,11.0,26.0,"2026-03-13 02:57:17.579739","2026-03-13 02:57:18.390131"
1,2026-03-08,95,8300,76.0,616,9,607,57,103,63,79.6153846153846,58,93,23,6,,,,,,,,,,,,,,,,,,19.0,,15.0,24.0,"2026-03-13 02:57:18.630455","2026-03-13 02:57:19.138581"
1,2026-03-09,9336,8300,7495.0,2378,563,1815,58,121,58,84.1386138613861,42,94,25,5,,,,,,,,,,,,,,,,,,16.0,,12.0,23.0,"2026-03-13 02:57:19.364435","2026-03-13 02:57:20.089995"
1,2026-03-10,7160,8410,5735.0,2426,611,1815,53,120,50,78.0347222222222,36,99,56,5,8.46666666666667,1.8,5.23333333333333,1.43333333333333,0.35,21.259842519685,61.8110236220472,16.9291338582677,4.13385826771654,,,,,,,,,14.0,17.0,10.0,23.0,"2026-03-13 02:57:20.325610","2026-03-13 02:57:21.296024"
1,2026-03-11,2896,8290,2334.0,1915,100,1815,45,111,43,61.3847222222222,20,97,100,5,10.25,1.43333333333333,4.43333333333333,4.38333333333333,0.233333333333333,13.9837398373984,43.2520325203252,42.7642276422764,2.27642276422764,,,,,,,,,14.0,15.0,10.0,21.0,"2026-03-13 02:57:21.527157","2026-03-13 02:57:22.420153"
1,2026-03-12,903,7220,723.0,1659,16,1643,46,94,45,58.489263803681,22,92,100,50,10.5,1.78333333333333,5.86666666666667,2.85,,16.984126984127,55.8730158730159,27.1428571428571,0.0,,,,,,,,,15.0,16.0,12.0,23.0,"2026-03-13 02:57:22.694772","2026-03-13 02:57:23.590992"
